학번,이름,반,발표(20),보고서(30),실험(30),포트폴리오(20)
10101,김서준,1,18,27,26,19
10102,이하은,1,16,24,22,17
10103,박도윤,1,12,18,20,14
10104,최지우,1,19,29,28,20
10105,정민서,1,15,22,25,16
10106,강예준,1,10,15,14,11
10107,조수아,1,17,26,24,18
10108,윤시우,1,14,21,19,15
10109,장하린,1,18,25,27,17
10110,임주원,1,13,20,21,13
10211,한지호,2,16,23,23,16
10212,오서연,2,20,28,29,19
10213,서은우,2,11,17,16,12
10214,신채원,2,17,25,26,18
10215,권유준,2,15,24,20,15
10216,황다은,2,14,22,23,17
10217,안건우,2,8,12,15,9
10218,송지안,2,18,27,25,18
10219,전현우,2,16,21,24,14
10220,홍소율,2,19,26,28,19
10321,유선우,3,13,19,18,15
10322,고나은,3,17,24,27,16
10323,문태윤,3,15,23,22,17
10324,양서윤,3,12,20,17,13
10325,손준서,3,18,28,26,18
10326,배아린,3,16,25,21,16
10327,백승민,3,9,16,13,10
10328,허예린,3,17,22,25,19
10329,남도현,3,14,18,22,14
10330,심유나,3,16,26,24,17
